-- data
data = {
    "All": {
        "Total": {"Count": 28, "has_resume": 19, "has_internship": 16, "done_internship_this_year": 14, "done_internship_last_year": 7 },
        "Freshman": {"Count": 7, "has_resume": 5, "has_internship": 3, "done_internship_this_year": 3, "done_internship_last_year": 0 },
        "Sophomore": {"Count": 7, "has_resume": 6, "has_internship": 4, "done_internship_this_year": 3, "done_internship_last_year": 3 },
        "Junior": {"Count": 7, "has_resume": 5, "has_internship": 4, "done_internship_this_year": 3, "done_internship_last_year": 3 },
        "Senior": {"Count": 7, "has_resume": 3, "has_internship": 5, "done_internship_this_year": 5, "done_internship_last_year": 1 }
    },
    "Accounting": {
        "Total": {"Count": 4, "has_resume": 2, "has_internship": 2, "done_internship_this_year": 2, "done_internship_last_year": 1 },
        "Freshman": {"Count": 1, "has_resume": 1, "has_internship": 1, "done_internship_this_year": 1, "done_internship_last_year": 0 },
        "Sophomore": {"Count": 1, "has_resume": 1, "has_internship": 1, "done_internship_this_year": 1, "done_internship_last_year": 1 },
        "Junior": {"Count": 1, "has_resume": 0, "has_internship": 0, "done_internship_this_year": 0, "done_internship_last_year": 0 },
        "Senior": {"Count": 1, "has_resume": 0, "has_internship": 0, "done_internship_this_year": 0, "done_internship_last_year": 0 }
    },
    "Business Administration": {
        "Total": {"Count": 4, "has_resume": 3, "has_internship": 4, "done_internship_this_year": 3, "done_internship_last_year": 1 },
        "Freshman": {"Count": 1, "has_resume": 1, "has_internship": 1, "done_internship_this_year": 1, "done_internship_last_year": 0 },
        "Sophomore": {"Count": 1, "has_resume": 1, "has_internship": 1, "done_internship_this_year": 1, "done_internship_last_year": 0 },
        "Junior": {"Count": 1, "has_resume": 1, "has_internship": 1, "done_internship_this_year": 0, "done_internship_last_year": 1 },
        "Senior": {"Count": 1, "has_resume": 0, "has_internship": 1, "done_internship_this_year": 1, "done_internship_last_year": 0 }
    },
    "Finance": {
        "Total": {"Count": 4, "has_resume": 4, "has_internship": 3, "done_internship_this_year": 3, "done_internship_last_year": 2 },
        "Freshman": {"Count": 1, "has_resume": 1, "has_internship": 0, "done_internship_this_year": 0, "done_internship_last_year": 0 },
        "Sophomore": {"Count": 1, "has_resume": 1, "has_internship": 1, "done_internship_this_year": 1, "done_internship_last_year": 1 },
        "Junior": {"Count": 1, "has_resume": 1, "has_internship": 1, "done_internship_this_year": 1, "done_internship_last_year": 1 },
        "Senior": {"Count": 1, "has_resume": 1, "has_internship": 1, "done_internship_this_year": 1, "done_internship_last_year": 0 }
    },
    "Human Resource Management": {
        "Total": {"Count": 4, "has_resume": 2, "has_internship": 2, "done_internship_this_year": 2, "done_internship_last_year": 1 },
        "Freshman": {"Count": 1, "has_resume": 1, "has_internship": 1, "done_internship_this_year": 1, "done_internship_last_year": 0 },
        "Sophomore": {"Count": 1, "has_resume": 0, "has_internship": 0, "done_internship_this_year": 0, "done_internship_last_year": 0 },
        "Junior": {"Count": 1, "has_resume": 1, "has_internship": 0, "done_internship_this_year": 0, "done_internship_last_year": 0 },
        "Senior": {"Count": 1, "has_resume": 0, "has_internship": 1, "done_internship_this_year": 1, "done_internship_last_year": 1 }
    },
    "Marketing": {
        "Total": {"Count": 4, "has_resume": 2, "has_internship": 1, "done_internship_this_year": 1, "done_internship_last_year": 1 },
        "Freshman": {"Count": 1, "has_resume": 0, "has_internship": 0, "done_internship_this_year": 0, "done_internship_last_year": 0 },
        "Sophomore": {"Count": 1, "has_resume": 1, "has_internship": 0, "done_internship_this_year": 0, "done_internship_last_year": 0 },
        "Junior": {"Count": 1, "has_resume": 1, "has_internship": 1, "done_internship_this_year": 1, "done_internship_last_year": 1 },
        "Senior": {"Count": 1, "has_resume": 0, "has_internship": 0, "done_internship_this_year": 0, "done_internship_last_year": 0 }
    },
    "Operations Management and Information Systems": {
        "Total": {"Count": 4, "has_resume": 3, "has_internship": 2, "done_internship_this_year": 1, "done_internship_last_year": 1},
        "Freshman": {"Count": 1, "has_resume": 1, "has_internship": 0, "done_internship_this_year": 0, "done_internship_last_year": 0 },
        "Sophomore": {"Count": 1, "has_resume": 1, "has_internship": 1, "done_internship_this_year": 0, "done_internship_last_year": 1 },
        "Junior": {"Count": 1, "has_resume": 0, "has_internship": 0, "done_internship_this_year": 0, "done_internship_last_year": 0 },
        "Senior": {"Count": 1, "has_resume": 1, "has_internship": 1, "done_internship_this_year": 1, "done_internship_last_year": 0 }
    },
    "Risk Management and Insurance": {
        "Total": {"Count": 4, "has_resume": 3, "has_internship": 2, "done_internship_this_year": 2, "done_internship_last_year": 0 },
        "Freshman": {"Count": 1, "has_resume": 0, "has_internship": 0, "done_internship_this_year": 0, "done_internship_last_year": 0 },
        "Sophomore": {"Count": 1, "has_resume": 1, "has_internship": 0, "done_internship_this_year": 0, "done_internship_last_year": 0 },
        "Junior": {"Count": 1, "has_resume": 1, "has_internship": 1, "done_internship_this_year": 1, "done_internship_last_year": 0 },
        "Senior": {"Count": 1, "has_resume": 1, "has_internship": 1, "done_internship_this_year": 1, "done_internship_last_year": 0 }
    }
}

 
 -- person 1, freshman, business adminitration, yes resume, yes internship,  yes done_internship_this year, no done_internship_last_year
BEGIN;

INSERT INTO `user` (`id`, `email`, `phone_number`, `last_login`, `date_created`, `first_name`, `preferred_name`, `last_name`, `can_email`, `can_text`, `student_details_id`, `role`, `signed_up`) 
VALUES ( 
    UNHEX('70D5DFB877754F9EB87A1E8C5653434'), 
    'freshman1@gmail.com', 
    '111-111-1111', 
    '2023-01-01 00:00:00', 
    '2023-01-01 00:00:00', 
    'joe', 
    'joe', 
    'Freshman',
    1, 
    1, 
    UNHEX('70D5DFB877754F9EB87A1E8C5653435'), 
    'Student', 
    1 
);

INSERT INTO `student_details` (`id`, `university_id`, `gpa`, `description`, `year_level`, `graduation_year`)
VALUES (
    UNHEX('70D5DFB877754F9EB87A1E8C5653435'),
    '00001',
    3.5,
    '',
    'Freshman',
    '2028-01-01 00:00:00'
);

INSERT INTO `degree_program` (`id`, `student_details_id`, `name`, `is_minor`)
VALUES (
    UNHEX('70D5DFB877754F9EB87A1E8C5653436'),
    UNHEX('70D5DFB877754F9EB87A1E8C5653435'), 
    'Business Administration',
    0
);

INSERT INTO job (`id`, `student_details_id`, `name`, `location`, `description`, `start_date`, `end_date`, `is_coop`)
VALUES (
    UNHEX('70D5DFB877754F9EB87A1E8C5653446'),
    UNHEX('70D5DFB877754F9EB87A1E8C5653435'), 
    'BobCorp: Software Engineer Intern', 
    'Remote',
    'working on a full-stack application',
    '2024-09-05', 
    '2024-12-21',
    1
);

INSERT INTO submission (`id`, `comment`, `artifact_id`, `student_id`, `task_id`, `submission_date`)
VALUES (
    11,
    '',
    9, 
    UNHEX('70D5DFB877754F9EB87A1E8C5653434'),
    6,
    '2024-10-23 00:52:57'
);

INSERT INTO artifact (`id`, `name`, `file_location`, `user_id`, `type`)
VALUES (
    9,
    'jakesresume', 
    'C:\\Users\\ABSan\\OneDrive\\Desktop\\oswego-career-dashboard\\uploads\\jakes.pdf',
    UNHEX('70D5DFB877754F9EB87A1E8C5653434'),
    'SUBMISSION'
);

COMMIT;



 -- person 2, freshman, accounting, yes resume, yes internship,  yes done_internship_this year, no done_internship_last_year
BEGIN;

INSERT INTO `user` (`id`, `email`, `phone_number`, `last_login`, `date_created`, `first_name`, `preferred_name`, `last_name`, `can_email`, `can_text`, `student_details_id`, `role`, `signed_up`) 
VALUES ( 
    UNHEX('80D5DFB877754F9EB87A1E8C5653434'), 
    'freshman2@gmail.com', 
    '222-222-2222', 
    '2023-01-01 00:00:00', 
    '2023-01-01 00:00:00', 
    'jane', 
    'jane', 
    'Freshman',
    1, 
    1, 
    UNHEX('80D5DFB877754F9EB87A1E8C5653435'), 
    'Student', 
    1 
);

-- Insert student details
INSERT INTO `student_details` (`id`, `university_id`, `gpa`, `description`, `year_level`, `graduation_year`)
VALUES (
    UNHEX('80D5DFB877754F9EB87A1E8C5653435'),
    '00002',
    3.6,
    '',
    'Freshman',
    '2028-01-01 00:00:00'
);

-- Insert degree program with Accounting major
INSERT INTO `degree_program` (`id`, `student_details_id`, `name`, `is_minor`)
VALUES (
    UNHEX('80D5DFB877754F9EB87A1E8C5653436'),
    UNHEX('80D5DFB877754F9EB87A1E8C5653435'), 
    'Accounting',
    0
);

-- Insert job record
INSERT INTO job (`id`, `student_details_id`, `name`, `location`, `description`, `start_date`, `end_date`, `is_coop`)
VALUES (
    UNHEX('80D5DFB877754F9EB87A1E8C5653446'),
    UNHEX('80D5DFB877754F9EB87A1E8C5653435'), 
    'AccountFirm: Audit Intern', 
    'On-site',
    'Assisted in auditing financial records and reports',
    '2024-06-01', 
    '2024-08-15',
    1
);

-- Insert submission
INSERT INTO submission (`id`, `comment`, `artifact_id`, `student_id`, `task_id`, `submission_date`)
VALUES (
    12,
    '',
    10, 
    UNHEX('80D5DFB877754F9EB87A1E8C5653434'),
    6,
    '2024-10-23 00:52:57'
);

-- Insert artifact
INSERT INTO artifact (`id`, `name`, `file_location`, `user_id`, `type`)
VALUES (
    10,
    'janesresume', 
    'C:\\Users\\ABSan\\OneDrive\\Desktop\\oswego-career-dashboard\\uploads\\jakes.pdf',
    UNHEX('80D5DFB877754F9EB87A1E8C5653434'),
    'SUBMISSION'
);

COMMIT;



 -- person 3, freshman, finance, yes resume, no internship,  no done_internship_this year, no done_internship_last_year
BEGIN;

-- Insert new user
INSERT INTO `user` (`id`, `email`, `phone_number`, `last_login`, `date_created`, `first_name`, `preferred_name`, `last_name`, `can_email`, `can_text`, `student_details_id`, `role`, `signed_up`) 
VALUES ( 
    UNHEX('90D5DFB877754F9EB87A1E8C5653434'), 
    'freshman3@gmail.com', 
    '333-333-3333', 
    '2023-01-01 00:00:00', 
    '2023-01-01 00:00:00', 
    'mike', 
    'mike', 
    'Freshman',
    1, 
    1, 
    UNHEX('90D5DFB877754F9EB87A1E8C5653435'), 
    'Student', 
    1 
);

-- Insert student details
INSERT INTO `student_details` (`id`, `university_id`, `gpa`, `description`, `year_level`, `graduation_year`)
VALUES (
    UNHEX('90D5DFB877754F9EB87A1E8C5653435'),
    '00003',
    3.7,
    '',
    'Freshman',
    '2028-01-01 00:00:00'
);

-- Insert degree program with Finance major
INSERT INTO `degree_program` (`id`, `student_details_id`, `name`, `is_minor`)
VALUES (
    UNHEX('90D5DFB877754F9EB87A1E8C5653436'),
    UNHEX('90D5DFB877754F9EB87A1E8C5653435'), 
    'Finance',
    0
);

-- Insert submission
INSERT INTO submission (`id`, `comment`, `artifact_id`, `student_id`, `task_id`, `submission_date`)
VALUES (
    13,
    '',
    11, 
    UNHEX('90D5DFB877754F9EB87A1E8C5653434'),
    6,
    '2024-10-23 00:52:57'
);

-- Insert artifact with the same file location as 'jakes'
INSERT INTO artifact (`id`, `name`, `file_location`, `user_id`, `type`)
VALUES (
    11,
    'mikesresume', 
    'C:\\Users\\ABSan\\OneDrive\\Desktop\\oswego-career-dashboard\\uploads\\jakes.pdf',
    UNHEX('90D5DFB877754F9EB87A1E8C5653434'),
    'SUBMISSION'
);

COMMIT;



-- person 4, freshman, hr management, yes resume, yes internship,  yes done_internship_this year, no done_internship_last_year
BEGIN;

-- Insert new user
INSERT INTO `user` (`id`, `email`, `phone_number`, `last_login`, `date_created`, `first_name`, `preferred_name`, `last_name`, `can_email`, `can_text`, `student_details_id`, `role`, `signed_up`) 
VALUES ( 
    UNHEX('A0D5DFB877754F9EB87A1E8C5653434'), 
    'freshman4@gmail.com', 
    '444-444-4444', 
    '2023-01-01 00:00:00', 
    '2023-01-01 00:00:00', 
    'sara', 
    'sara', 
    'Freshman',
    1, 
    1, 
    UNHEX('A0D5DFB877754F9EB87A1E8C5653435'), 
    'Student', 
    1 
);

-- Insert student details
INSERT INTO `student_details` (`id`, `university_id`, `gpa`, `description`, `year_level`, `graduation_year`)
VALUES (
    UNHEX('A0D5DFB877754F9EB87A1E8C5653435'),
    '00004',
    3.8,
    '',
    'Freshman',
    '2028-01-01 00:00:00'
);

-- Insert degree program with Human Resource Management major
INSERT INTO `degree_program` (`id`, `student_details_id`, `name`, `is_minor`)
VALUES (
    UNHEX('A0D5DFB877754F9EB87A1E8C5653436'),
    UNHEX('A0D5DFB877754F9EB87A1E8C5653435'), 
    'Human Resource Management',
    0
);

-- Insert job record
INSERT INTO job (`id`, `student_details_id`, `name`, `location`, `description`, `start_date`, `end_date`, `is_coop`)
VALUES (
    UNHEX('A0D5DFB877754F9EB87A1E8C5653446'),
    UNHEX('A0D5DFB877754F9EB87A1E8C5653435'), 
    'HR Solutions: HR Intern', 
    'On-site',
    'Assisted with recruitment and employee relations',
    '2024-05-01', 
    '2024-08-30',
    1
);

-- Insert artifact first, with the specified file location and ID 12
INSERT INTO artifact (`id`, `name`, `file_location`, `user_id`, `type`)
VALUES (
    12,
    'sarasresume', 
    'C:\\Users\\ABSan\\OneDrive\\Desktop\\oswego-career-dashboard\\uploads\\jakes.pdf',
    UNHEX('A0D5DFB877754F9EB87A1E8C5653434'),
    'SUBMISSION'
);

-- Insert submission with artifact_id set to 12
INSERT INTO submission (`id`, `comment`, `artifact_id`, `student_id`, `task_id`, `submission_date`)
VALUES (
    14,
    '',
    12, 
    UNHEX('A0D5DFB877754F9EB87A1E8C5653434'),
    6,
    '2024-10-23 00:52:57'
);

COMMIT;



 -- person 5, freshman, marketing, no resume, no internship, no done_internship_this year, no done_internship_last_year
 BEGIN;

-- Insert new user
INSERT INTO `user` (`id`, `email`, `phone_number`, `last_login`, `date_created`, `first_name`, `preferred_name`, `last_name`, `can_email`, `can_text`, `student_details_id`, `role`, `signed_up`) 
VALUES ( 
    UNHEX('B0D5DFB877754F9EB87A1E8C5653434'), 
    'freshman5@gmail.com', 
    '555-555-5555', 
    '2023-01-01 00:00:00', 
    '2023-01-01 00:00:00', 
    'alex', 
    'alex', 
    'Freshman',
    1, 
    1, 
    UNHEX('B0D5DFB877754F9EB87A1E8C5653435'), 
    'Student', 
    1 
);

-- Insert student details
INSERT INTO `student_details` (`id`, `university_id`, `gpa`, `description`, `year_level`, `graduation_year`)
VALUES (
    UNHEX('B0D5DFB877754F9EB87A1E8C5653435'),
    '00005',
    3.9,
    '',
    'Freshman',
    '2028-01-01 00:00:00'
);

-- Insert degree program with Marketing major
INSERT INTO `degree_program` (`id`, `student_details_id`, `name`, `is_minor`)
VALUES (
    UNHEX('B0D5DFB877754F9EB87A1E8C5653436'),
    UNHEX('B0D5DFB877754F9EB87A1E8C5653435'), 
    'Marketing',
    0
);

COMMIT;



-- person 6, freshman, ops managment, yes resume, no internship, no done_internship_this year, no done_internship_last_year
BEGIN;

-- Insert new user
INSERT INTO `user` (`id`, `email`, `phone_number`, `last_login`, `date_created`, `first_name`, `preferred_name`, `last_name`, `can_email`, `can_text`, `student_details_id`, `role`, `signed_up`) 
VALUES ( 
    UNHEX('C0D5DFB877754F9EB87A1E8C5653434'), 
    'freshman6@gmail.com', 
    '666-666-6666', 
    '2023-01-01 00:00:00', 
    '2023-01-01 00:00:00', 
    'jordan', 
    'jordan', 
    'Freshman',
    1, 
    1, 
    UNHEX('C0D5DFB877754F9EB87A1E8C5653435'), 
    'Student', 
    1 
);

-- Insert student details
INSERT INTO `student_details` (`id`, `university_id`, `gpa`, `description`, `year_level`, `graduation_year`)
VALUES (
    UNHEX('C0D5DFB877754F9EB87A1E8C5653435'),
    '00006',
    3.6,
    '',
    'Freshman',
    '2028-01-01 00:00:00'
);

-- Insert degree program with Operations Management and Information Systems major
INSERT INTO `degree_program` (`id`, `student_details_id`, `name`, `is_minor`)
VALUES (
    UNHEX('C0D5DFB877754F9EB87A1E8C5653436'),
    UNHEX('C0D5DFB877754F9EB87A1E8C5653435'), 
    'Operations Management and Information Systems',
    0
);

-- Insert artifact first, with the specified file location and ID 14
INSERT INTO artifact (`id`, `name`, `file_location`, `user_id`, `type`)
VALUES (
    14,
    'jordansresume', 
    'C:\\Users\\ABSan\\OneDrive\\Desktop\\oswego-career-dashboard\\uploads\\jakes.pdf',
    UNHEX('C0D5DFB877754F9EB87A1E8C5653434'),
    'SUBMISSION'
);

-- Insert submission with artifact_id set to 14
INSERT INTO submission (`id`, `comment`, `artifact_id`, `student_id`, `task_id`, `submission_date`)
VALUES (
    16,
    '',
    14, 
    UNHEX('C0D5DFB877754F9EB87A1E8C5653434'),
    6,
    '2024-10-23 00:52:57'
);

COMMIT;



-- person 7, freshman, marketing, no resume, no internship, no done_internship_this year, no done_internship_last_year
BEGIN;

-- Insert new user
INSERT INTO `user` (`id`, `email`, `phone_number`, `last_login`, `date_created`, `first_name`, `preferred_name`, `last_name`, `can_email`, `can_text`, `student_details_id`, `role`, `signed_up`) 
VALUES ( 
    UNHEX('D0D5DFB877754F9EB87A1E8C5653434'), 
    'freshman7@gmail.com', 
    '777-777-7777', 
    '2023-01-01 00:00:00', 
    '2023-01-01 00:00:00', 
    'taylor', 
    'taylor', 
    'Freshman',
    1, 
    1, 
    UNHEX('D0D5DFB877754F9EB87A1E8C5653435'), 
    'Student', 
    1 
);

-- Insert student details
INSERT INTO `student_details` (`id`, `university_id`, `gpa`, `description`, `year_level`, `graduation_year`)
VALUES (
    UNHEX('D0D5DFB877754F9EB87A1E8C5653435'),
    '00007',
    3.4,
    '',
    'Freshman',
    '2028-01-01 00:00:00'
);

-- Insert degree program with Risk Management and Insurance major
INSERT INTO `degree_program` (`id`, `student_details_id`, `name`, `is_minor`)
VALUES (
    UNHEX('D0D5DFB877754F9EB87A1E8C5653436'),
    UNHEX('D0D5DFB877754F9EB87A1E8C5653435'), 
    'Risk Management and Insurance',
    0
);

COMMIT;



-- person 8, sophomore, accounting, yes resume, yes internship,  yes done_internship_this year, yes done_internship_last_year
BEGIN;

-- Insert new Sophomore user for Accounting
INSERT INTO `user` (`id`, `email`, `phone_number`, `last_login`, `date_created`, `first_name`, `preferred_name`, `last_name`, `can_email`, `can_text`, `student_details_id`, `role`, `signed_up`) 
VALUES ( 
    UNHEX('E0D5DFB877754F9EB87A1E8C5653434'), 
    'sophomore1@gmail.com', 
    '888-888-8881', 
    '2023-01-01 00:00:00', 
    '2023-01-01 00:00:00', 
    'michael', 
    'michael', 
    'Sophomore',
    1, 
    1, 
    UNHEX('E0D5DFB877754F9EB87A1E8C5653435'), 
    'Student', 
    1 
);

-- Insert student details for Accounting major (Sophomore)
INSERT INTO `student_details` (`id`, `university_id`, `gpa`, `description`, `year_level`, `graduation_year`)
VALUES (
    UNHEX('E0D5DFB877754F9EB87A1E8C5653435'),
    '00008',
    3.8,
    '',
    'Sophomore',
    '2027-01-01 00:00:00'
);

-- Insert degree program for Accounting
INSERT INTO `degree_program` (`id`, `student_details_id`, `name`, `is_minor`)
VALUES (
    UNHEX('E0D5DFB877754F9EB87A1E8C5653436'),
    UNHEX('E0D5DFB877754F9EB87A1E8C5653435'), 
    'Accounting',
    0
);

-- Insert job record for Accounting major
INSERT INTO job (`id`, `student_details_id`, `name`, `location`, `description`, `start_date`, `end_date`, `is_coop`)
VALUES (
    UNHEX('E0D5DFB877754F9EB87A1E8C5653446'),
    UNHEX('E0D5DFB877754F9EB87A1E8C5653435'), 
    'AccuFirm: Accounting Intern', 
    'On-site',
    'Prepared financial reports and assisted in audits',
    '2024-06-01', 
    '2024-08-31',
    1
);

INSERT INTO job (`id`, `student_details_id`, `name`, `location`, `description`, `start_date`, `end_date`, `is_coop`)
VALUES (
    UNHEX('E0D5DFB877754F9EB87A1E8C5653447'),
    UNHEX('E0D5DFB877754F9EB87A1E8C5653435'), 
    'AccuFirm: Accounting Intern', 
    'On-site',
    'Prepared financial reports and assisted in audits',
    '2023-06-01', 
    '2023-08-31',
    1
);

-- Insert artifact first, with the specified file location and ID 16
INSERT INTO artifact (`id`, `name`, `file_location`, `user_id`, `type`)
VALUES (
    16,
    'michaelsresume', 
    'C:\\Users\\ABSan\\OneDrive\\Desktop\\oswego-career-dashboard\\uploads\\jakes.pdf',
    UNHEX('E0D5DFB877754F9EB87A1E8C5653434'),
    'SUBMISSION'
);

-- Insert submission with artifact_id set to 16
INSERT INTO submission (`id`, `comment`, `artifact_id`, `student_id`, `task_id`, `submission_date`)
VALUES (
    18,
    '',
    16, 
    UNHEX('E0D5DFB877754F9EB87A1E8C5653434'),
    6,
    '2024-10-23 00:52:57'
);

COMMIT;



-- person 9, sophomore, business administration, yes resume, yes internship,  yes done_internship_this year, no done_internship_last_year
BEGIN;

-- Insert new Sophomore user for Business Administration
INSERT INTO `user` (`id`, `email`, `phone_number`, `last_login`, `date_created`, `first_name`, `preferred_name`, `last_name`, `can_email`, `can_text`, `student_details_id`, `role`, `signed_up`) 
VALUES ( 
    UNHEX('F0D5DFB877754F9EB87A1E8C5653434'), 
    'sophomore2@gmail.com', 
    '999-999-9992', 
    '2023-01-01 00:00:00', 
    '2023-01-01 00:00:00', 
    'sarah', 
    'sarah', 
    'Sophomore',
    1, 
    1, 
    UNHEX('F0D5DFB877754F9EB87A1E8C5653435'), 
    'Student', 
    1 
);

-- Insert student details for Business Administration major (Sophomore)
INSERT INTO `student_details` (`id`, `university_id`, `gpa`, `description`, `year_level`, `graduation_year`)
VALUES (
    UNHEX('F0D5DFB877754F9EB87A1E8C5653435'),
    '00009',
    3.7,
    '',
    'Sophomore',
    '2027-01-01 00:00:00'
);

-- Insert degree program for Business Administration
INSERT INTO `degree_program` (`id`, `student_details_id`, `name`, `is_minor`)
VALUES (
    UNHEX('F0D5DFB877754F9EB87A1E8C5653436'),
    UNHEX('F0D5DFB877754F9EB87A1E8C5653435'), 
    'Business Administration',
    0
);

-- Insert job record for Business Administration major
INSERT INTO job (`id`, `student_details_id`, `name`, `location`, `description`, `start_date`, `end_date`, `is_coop`)
VALUES (
    UNHEX('F0D5DFB877754F9EB87A1E8C5653446'),
    UNHEX('F0D5DFB877754F9EB87A1E8C5653435'), 
    'AdminPro: Business Intern', 
    'Hybrid',
    'Assisted with business operations and market research',
    '2024-06-01', 
    '2024-08-31',
    1
);

-- Insert artifact first, with the specified file location and ID 17
INSERT INTO artifact (`id`, `name`, `file_location`, `user_id`, `type`)
VALUES (
    17,
    'sarahsresume', 
    'C:\\Users\\ABSan\\OneDrive\\Desktop\\oswego-career-dashboard\\uploads\\jakes.pdf',
    UNHEX('F0D5DFB877754F9EB87A1E8C5653434'),
    'SUBMISSION'
);

-- Insert submission with artifact_id set to 17
INSERT INTO submission (`id`, `comment`, `artifact_id`, `student_id`, `task_id`, `submission_date`)
VALUES (
    19,
    '',
    17, 
    UNHEX('F0D5DFB877754F9EB87A1E8C5653434'),
    6,
    '2024-10-23 00:52:57'
);

COMMIT;



 -- person 10, sophomore, finance, yes resume, yes internship,  yes done_internship_this year, yes done_internship_last_year
 BEGIN;

-- Insert new Sophomore user for Finance
INSERT INTO `user` (`id`, `email`, `phone_number`, `last_login`, `date_created`, `first_name`, `preferred_name`, `last_name`, `can_email`, `can_text`, `student_details_id`, `role`, `signed_up`) 
VALUES ( 
    UNHEX('F0D5DFB877754F9EB87A1E8C5653437'), 
    'sophomore3@gmail.com', 
    '555-555-5553', 
    '2023-01-01 00:00:00', 
    '2023-01-01 00:00:00', 
    'jason', 
    'jason', 
    'Sophomore',
    1, 
    1, 
    UNHEX('F0D5DFB877754F9EB87A1E8C5653438'), 
    'Student', 
    1 
);

-- Insert student details for Finance major (Sophomore)
INSERT INTO `student_details` (`id`, `university_id`, `gpa`, `description`, `year_level`, `graduation_year`)
VALUES (
    UNHEX('F0D5DFB877754F9EB87A1E8C5653438'),
    '00010',
    3.6,
    '',
    'Sophomore',
    '2027-01-01 00:00:00'
);

-- Insert degree program for Finance
INSERT INTO `degree_program` (`id`, `student_details_id`, `name`, `is_minor`)
VALUES (
    UNHEX('F0D5DFB877754F9EB87A1E8C5653439'),
    UNHEX('F0D5DFB877754F9EB87A1E8C5653438'), 
    'Finance',
    0
);

-- Insert job record for Finance major
INSERT INTO job (`id`, `student_details_id`, `name`, `location`, `description`, `start_date`, `end_date`, `is_coop`)
VALUES (
    UNHEX('F0D5DFB877754F9EB87A1E8C5653447'),
    UNHEX('F0D5DFB877754F9EB87A1E8C5653438'), 
    'FinCorp: Finance Intern', 
    'Remote',
    'Assisted in financial modeling and investment analysis',
    '2024-06-01', 
    '2024-08-31',
    1
);
-- Insert job record for Finance major
INSERT INTO job (`id`, `student_details_id`, `name`, `location`, `description`, `start_date`, `end_date`, `is_coop`)
VALUES (
    UNHEX('F0D5DFB877754F9EB87A1E8C5653448'),
    UNHEX('F0D5DFB877754F9EB87A1E8C5653438'), 
    'GubCorp: Finance Intern', 
    'Remote',
    'Assisted in financial modeling and investment analysis',
    '2023-06-01', 
    '2023-08-31',
    1
);

-- Insert artifact first, with the specified file location and ID 18
INSERT INTO artifact (`id`, `name`, `file_location`, `user_id`, `type`)
VALUES (
    18,
    'jasonsresume', 
    'C:\\Users\\ABSan\\OneDrive\\Desktop\\oswego-career-dashboard\\uploads\\jakes.pdf',
    UNHEX('F0D5DFB877754F9EB87A1E8C5653437'),
    'SUBMISSION'
);

-- Insert submission with artifact_id set to 18
INSERT INTO submission (`id`, `comment`, `artifact_id`, `student_id`, `task_id`, `submission_date`)
VALUES (
    20,
    '',
    18, 
    UNHEX('F0D5DFB877754F9EB87A1E8C5653437'),
    6,
    '2024-10-23 00:52:57'
);

COMMIT;



 -- person 11, sophomore, Human Resource Management, no resume, no internship,  no done_internship_this year, no done_internship_last_year
 BEGIN;

-- Insert new Sophomore user for Human Resource Management
INSERT INTO `user` (`id`, `email`, `phone_number`, `last_login`, `date_created`, `first_name`, `preferred_name`, `last_name`, `can_email`, `can_text`, `student_details_id`, `role`, `signed_up`) 
VALUES ( 
    UNHEX('F0D5DFB877754F9EB87A1E8C5653450'), 
    'sophomore4@gmail.com', 
    '444-444-4444', 
    '2023-01-01 00:00:00', 
    '2023-01-01 00:00:00', 
    'emma', 
    'emma', 
    'Sophomore',
    1, 
    1, 
    UNHEX('F0D5DFB877754F9EB87A1E8C5653451'), 
    'Student', 
    1 
);

-- Insert student details for Human Resource Management major (Sophomore)
INSERT INTO `student_details` (`id`, `university_id`, `gpa`, `description`, `year_level`, `graduation_year`)
VALUES (
    UNHEX('F0D5DFB877754F9EB87A1E8C5653451'),
    '00011',
    3.4,
    '',
    'Sophomore',
    '2027-01-01 00:00:00'
);

-- Insert degree program for Human Resource Management
INSERT INTO `degree_program` (`id`, `student_details_id`, `name`, `is_minor`)
VALUES (
    UNHEX('F0D5DFB877754F9EB87A1E8C5653452'),
    UNHEX('F0D5DFB877754F9EB87A1E8C5653451'), 
    'Human Resource Management',
    0
);

COMMIT;



-- person 12, sophomore, Marketing, yes resume, no internship,  no done_internship_this year, no done_internship_last_year
BEGIN;

-- Insert new Sophomore user for Marketing
INSERT INTO `user` (`id`, `email`, `phone_number`, `last_login`, `date_created`, `first_name`, `preferred_name`, `last_name`, `can_email`, `can_text`, `student_details_id`, `role`, `signed_up`) 
VALUES ( 
    UNHEX('F0D5DFB877754F9EB87A1E8C5653453'), 
    'sophomore5@gmail.com', 
    '333-333-3335', 
    '2023-01-01 00:00:00', 
    '2023-01-01 00:00:00', 
    'lucas', 
    'lucas', 
    'Sophomore',
    1, 
    1, 
    UNHEX('F0D5DFB877754F9EB87A1E8C5653454'), 
    'Student', 
    1 
);

-- Insert student details for Marketing major (Sophomore)
INSERT INTO `student_details` (`id`, `university_id`, `gpa`, `description`, `year_level`, `graduation_year`)
VALUES (
    UNHEX('F0D5DFB877754F9EB87A1E8C5653454'),
    '00012',
    3.9,
    '',
    'Sophomore',
    '2027-01-01 00:00:00'
);

-- Insert degree program for Marketing
INSERT INTO `degree_program` (`id`, `student_details_id`, `name`, `is_minor`)
VALUES (
    UNHEX('F0D5DFB877754F9EB87A1E8C5653455'),
    UNHEX('F0D5DFB877754F9EB87A1E8C5653454'), 
    'Marketing',
    0
);

-- Insert artifact first, with the specified file location and ID 20
INSERT INTO artifact (`id`, `name`, `file_location`, `user_id`, `type`)
VALUES (
    20,
    'lucasresume', 
    'C:\\Users\\ABSan\\OneDrive\\Desktop\\oswego-career-dashboard\\uploads\\jakes.pdf',
    UNHEX('F0D5DFB877754F9EB87A1E8C5653453'),
    'SUBMISSION'
);

-- Insert submission with artifact_id set to 20
INSERT INTO submission (`id`, `comment`, `artifact_id`, `student_id`, `task_id`, `submission_date`)
VALUES (
    22,
    '',
    20, 
    UNHEX('F0D5DFB877754F9EB87A1E8C5653453'),
    6,
    '2024-10-23 00:52:57'
);

COMMIT;



-- person 13, sophomore, Operations Management and Information Systems, yes resume, yes internship,  no done_internship_this year, yes done_internship_last_year
BEGIN;

-- Insert new Sophomore user for Operations Management and Information Systems
INSERT INTO `user` (`id`, `email`, `phone_number`, `last_login`, `date_created`, `first_name`, `preferred_name`, `last_name`, `can_email`, `can_text`, `student_details_id`, `role`, `signed_up`) 
VALUES ( 
    UNHEX('F0D5DFB877754F9EB87A1E8C5653458'), 
    'sophomore6@gmail.com', 
    '777-777-7776', 
    '2023-01-01 00:00:00', 
    '2023-01-01 00:00:00', 
    'alex', 
    'alex', 
    'Sophomore',
    1, 
    1, 
    UNHEX('F0D5DFB877754F9EB87A1E8C5653459'), 
    'Student', 
    1 
);

-- Insert student details for Operations Management and Information Systems major (Sophomore)
INSERT INTO `student_details` (`id`, `university_id`, `gpa`, `description`, `year_level`, `graduation_year`)
VALUES (
    UNHEX('F0D5DFB877754F9EB87A1E8C5653459'),
    '00013',
    3.8,
    '',
    'Sophomore',
    '2027-01-01 00:00:00'
);

-- Insert degree program for Operations Management and Information Systems
INSERT INTO `degree_program` (`id`, `student_details_id`, `name`, `is_minor`)
VALUES (
    UNHEX('F0D5DFB877754F9EB87A1E8C5653460'),
    UNHEX('F0D5DFB877754F9EB87A1E8C5653459'), 
    'Operations Management and Information Systems',
    0
);

-- Insert job record for Operations Management and Information Systems major
INSERT INTO job (`id`, `student_details_id`, `name`, `location`, `description`, `start_date`, `end_date`, `is_coop`)
VALUES (
    UNHEX('F0D5DFB877754F9EB87A1E8C5653461'),
    UNHEX('F0D5DFB877754F9EB87A1E8C5653459'), 
    'OpsTech: Operations Intern', 
    'Remote',
    'Assisted in operations management and data analysis tasks',
    '2023-06-01', 
    '2023-08-31',
    1
);

-- Insert artifact first, with the specified file location and ID 21
INSERT INTO artifact (`id`, `name`, `file_location`, `user_id`, `type`)
VALUES (
    21,
    'alexsresume', 
    'C:\\Users\\ABSan\\OneDrive\\Desktop\\oswego-career-dashboard\\uploads\\jakes.pdf',
    UNHEX('F0D5DFB877754F9EB87A1E8C5653458'),
    'SUBMISSION'
);

-- Insert submission with artifact_id set to 21
INSERT INTO submission (`id`, `comment`, `artifact_id`, `student_id`, `task_id`, `submission_date`)
VALUES (
    23,
    '',
    21, 
    UNHEX('F0D5DFB877754F9EB87A1E8C5653458'),
    6,
    '2024-10-23 00:52:57'
);

COMMIT;



-- person 14, sophomore, Risk Management and Insurance, yes resume, no internship,  no done_internship_this year, yes done_internship_last_year
BEGIN;

-- Insert new Sophomore user for Risk Management and Insurance
INSERT INTO `user` (`id`, `email`, `phone_number`, `last_login`, `date_created`, `first_name`, `preferred_name`, `last_name`, `can_email`, `can_text`, `student_details_id`, `role`, `signed_up`) 
VALUES ( 
    UNHEX('F0D5DFB877754F9EB87A1E8C5653462'), 
    'sophomore7@gmail.com', 
    '888-888-8887', 
    '2023-01-01 00:00:00', 
    '2023-01-01 00:00:00', 
    'mia', 
    'mia', 
    'Sophomore',
    1, 
    1, 
    UNHEX('F0D5DFB877754F9EB87A1E8C5653463'), 
    'Student', 
    1 
);

-- Insert student details for Risk Management and Insurance major (Sophomore)
INSERT INTO `student_details` (`id`, `university_id`, `gpa`, `description`, `year_level`, `graduation_year`)
VALUES (
    UNHEX('F0D5DFB877754F9EB87A1E8C5653463'),
    '00014',
    3.5,
    '',
    'Sophomore',
    '2027-01-01 00:00:00'
);

-- Insert degree program for Risk Management and Insurance
INSERT INTO `degree_program` (`id`, `student_details_id`, `name`, `is_minor`)
VALUES (
    UNHEX('F0D5DFB877754F9EB87A1E8C5653464'),
    UNHEX('F0D5DFB877754F9EB87A1E8C5653463'), 
    'Risk Management and Insurance',
    0
);

-- Insert artifact first, with the specified file location and ID 22
INSERT INTO artifact (`id`, `name`, `file_location`, `user_id`, `type`)
VALUES (
    22,
    'miasresume', 
    'C:\\Users\\ABSan\\OneDrive\\Desktop\\oswego-career-dashboard\\uploads\\jakes.pdf',
    UNHEX('F0D5DFB877754F9EB87A1E8C5653462'),
    'SUBMISSION'
);

-- Insert submission with artifact_id set to 22
INSERT INTO submission (`id`, `comment`, `artifact_id`, `student_id`, `task_id`, `submission_date`)
VALUES (
    24,
    '',
    22, 
    UNHEX('F0D5DFB877754F9EB87A1E8C5653462'),
    6,
    '2024-10-23 00:52:57'
);

COMMIT;



-- person 15, junior, accounting, no resume, no internship,  no done_internship_this year, no done_internship_last_year
BEGIN;

-- Insert new Junior user for Accounting
INSERT INTO `user` (`id`, `email`, `phone_number`, `last_login`, `date_created`, `first_name`, `preferred_name`, `last_name`, `can_email`, `can_text`, `student_details_id`, `role`, `signed_up`) 
VALUES ( 
    UNHEX('F0D5DFB877754F9EB87A1E8C5653470'), 
    'junior1@gmail.com', 
    '111-111-1117', 
    '2023-01-01 00:00:00', 
    '2023-01-01 00:00:00', 
    'liam', 
    'liam', 
    'Junior',
    1, 
    1, 
    UNHEX('F0D5DFB877754F9EB87A1E8C5653471'), 
    'Student', 
    1 
);

-- Insert student details for Accounting major (Junior)
INSERT INTO `student_details` (`id`, `university_id`, `gpa`, `description`, `year_level`, `graduation_year`)
VALUES (
    UNHEX('F0D5DFB877754F9EB87A1E8C5653471'),
    '00015',
    3.6,
    '',
    'Junior',
    '2026-01-01 00:00:00'
);

-- Insert degree program for Accounting
INSERT INTO `degree_program` (`id`, `student_details_id`, `name`, `is_minor`)
VALUES (
    UNHEX('F0D5DFB877754F9EB87A1E8C5653472'),
    UNHEX('F0D5DFB877754F9EB87A1E8C5653471'), 
    'Accounting',
    0
);

COMMIT;



-- person 16, junior, business, yes resume, yes internship,  no done_internship_this year, yes done_internship_last_year
BEGIN;

-- Insert new Junior user for Business Administration
INSERT INTO `user` (`id`, `email`, `phone_number`, `last_login`, `date_created`, `first_name`, `preferred_name`, `last_name`, `can_email`, `can_text`, `student_details_id`, `role`, `signed_up`) 
VALUES ( 
    UNHEX('F0D5DFB877754F9EB87A1E8C5653474'), 
    'junior2@gmail.com', 
    '222-222-2228', 
    '2023-01-01 00:00:00', 
    '2023-01-01 00:00:00', 
    'sophia', 
    'sophia', 
    'Junior',
    1, 
    1, 
    UNHEX('F0D5DFB877754F9EB87A1E8C5653475'), 
    'Student', 
    1 
);

-- Insert student details for Business Administration major (Junior)
INSERT INTO `student_details` (`id`, `university_id`, `gpa`, `description`, `year_level`, `graduation_year`)
VALUES (
    UNHEX('F0D5DFB877754F9EB87A1E8C5653475'),
    '00016',
    3.7,
    '',
    'Junior',
    '2026-01-01 00:00:00'
);

-- Insert degree program for Business Administration
INSERT INTO `degree_program` (`id`, `student_details_id`, `name`, `is_minor`)
VALUES (
    UNHEX('F0D5DFB877754F9EB87A1E8C5653476'),
    UNHEX('F0D5DFB877754F9EB87A1E8C5653475'), 
    'Business Administration',
    0
);

-- Insert job record for Business Administration major
INSERT INTO job (`id`, `student_details_id`, `name`, `location`, `description`, `start_date`, `end_date`, `is_coop`)
VALUES (
    UNHEX('F0D5DFB877754F9EB87A1E8C5653477'),
    UNHEX('F0D5DFB877754F9EB87A1E8C5653475'), 
    'BizCorp: Business Analyst Intern', 
    'On-site',
    'Conducted business analysis and assisted in process optimization',
    '2023-06-01', 
    '2023-08-31',
    1
);

-- Insert artifact first, with the specified file location and ID 24
INSERT INTO artifact (`id`, `name`, `file_location`, `user_id`, `type`)
VALUES (
    24,
    'sophiasresume', 
    'C:\\Users\\ABSan\\OneDrive\\Desktop\\oswego-career-dashboard\\uploads\\jakes.pdf',
    UNHEX('F0D5DFB877754F9EB87A1E8C5653474'),
    'SUBMISSION'
);

-- Insert submission with artifact_id set to 24
INSERT INTO submission (`id`, `comment`, `artifact_id`, `student_id`, `task_id`, `submission_date`)
VALUES (
    26,
    '',
    24, 
    UNHEX('F0D5DFB877754F9EB87A1E8C5653474'),
    6,
    '2024-10-23 00:52:57'
);

COMMIT;



-- person 17, junior, finance, yes resume, yes internship,  yes done_internship_this year, yes done_internship_last_year
BEGIN;

-- Insert new Junior user for Finance
INSERT INTO `user` (`id`, `email`, `phone_number`, `last_login`, `date_created`, `first_name`, `preferred_name`, `last_name`, `can_email`, `can_text`, `student_details_id`, `role`, `signed_up`) 
VALUES ( 
    UNHEX('F0D5DFB877754F9EB87A1E8C5653478'), 
    'junior3@gmail.com', 
    '333-333-3339', 
    '2023-01-01 00:00:00', 
    '2023-01-01 00:00:00', 
    'emma', 
    'emma', 
    'Junior',
    1, 
    1, 
    UNHEX('F0D5DFB877754F9EB87A1E8C5653479'), 
    'Student', 
    1 
);

-- Insert student details for Finance major (Junior)
INSERT INTO `student_details` (`id`, `university_id`, `gpa`, `description`, `year_level`, `graduation_year`)
VALUES (
    UNHEX('F0D5DFB877754F9EB87A1E8C5653479'),
    '00017',
    3.9,
    '',
    'Junior',
    '2026-01-01 00:00:00'
);

-- Insert degree program for Finance
INSERT INTO `degree_program` (`id`, `student_details_id`, `name`, `is_minor`)
VALUES (
    UNHEX('F0D5DFB877754F9EB87A1E8C5653480'),
    UNHEX('F0D5DFB877754F9EB87A1E8C5653479'), 
    'Finance',
    0
);

-- Insert job record for Finance major
INSERT INTO job (`id`, `student_details_id`, `name`, `location`, `description`, `start_date`, `end_date`, `is_coop`)
VALUES (
    UNHEX('F0D5DFB877754F9EB87A1E8C5653481'),
    UNHEX('F0D5DFB877754F9EB87A1E8C5653479'), 
    'BankCorp: Financial Analyst Intern', 
    'Remote',
    'Assisted in financial data analysis and reporting',
    '2024-06-01', 
    '2024-08-31',
    1
);

-- Insert job record for Finance major
INSERT INTO job (`id`, `student_details_id`, `name`, `location`, `description`, `start_date`, `end_date`, `is_coop`)
VALUES (
    UNHEX('F0D5DFB877754F9EB87A1E8C5653482'),
    UNHEX('F0D5DFB877754F9EB87A1E8C5653479'), 
    'BankofBron: Financial Analyst Intern', 
    'Remote',
    'Assisted in financial data analysis and reporting',
    '2023-06-01', 
    '2023-08-31',
    1
);

-- Insert artifact first, with the specified file location and ID 25
INSERT INTO artifact (`id`, `name`, `file_location`, `user_id`, `type`)
VALUES (
    25,
    'emmasresume', 
    'C:\\Users\\ABSan\\OneDrive\\Desktop\\oswego-career-dashboard\\uploads\\jakes.pdf',
    UNHEX('F0D5DFB877754F9EB87A1E8C5653478'),
    'SUBMISSION'
);

-- Insert submission with artifact_id set to 25
INSERT INTO submission (`id`, `comment`, `artifact_id`, `student_id`, `task_id`, `submission_date`)
VALUES (
    27,
    '',
    25, 
    UNHEX('F0D5DFB877754F9EB87A1E8C5653478'),
    6,
    '2024-10-23 00:52:57'
);

COMMIT;



-- person 18, junior, Human Resource Management, yes resume, no internship,  no done_internship_this year, no done_internship_last_year
BEGIN;

-- Insert new Junior user for Human Resource Management
INSERT INTO `user` (`id`, `email`, `phone_number`, `last_login`, `date_created`, `first_name`, `preferred_name`, `last_name`, `can_email`, `can_text`, `student_details_id`, `role`, `signed_up`) 
VALUES ( 
    UNHEX('F0D5DFB877754F9EB87A1E8C5653482'), 
    'junior4@gmail.com', 
    '444-444-4440', 
    '2023-01-01 00:00:00', 
    '2023-01-01 00:00:00', 
    'noah', 
    'noah', 
    'Junior',
    1, 
    1, 
    UNHEX('F0D5DFB877754F9EB87A1E8C5653483'), 
    'Student', 
    1 
);

-- Insert student details for Human Resource Management major (Junior)
INSERT INTO `student_details` (`id`, `university_id`, `gpa`, `description`, `year_level`, `graduation_year`)
VALUES (
    UNHEX('F0D5DFB877754F9EB87A1E8C5653483'),
    '00018',
    3.8,
    '',
    'Junior',
    '2026-01-01 00:00:00'
);

-- Insert degree program for Human Resource Management
INSERT INTO `degree_program` (`id`, `student_details_id`, `name`, `is_minor`)
VALUES (
    UNHEX('F0D5DFB877754F9EB87A1E8C5653484'),
    UNHEX('F0D5DFB877754F9EB87A1E8C5653483'), 
    'Human Resource Management',
    0
);

-- Insert artifact first, with the specified file location and ID 26
INSERT INTO artifact (`id`, `name`, `file_location`, `user_id`, `type`)
VALUES (
    26,
    'noahsresume', 
    'C:\\Users\\ABSan\\OneDrive\\Desktop\\oswego-career-dashboard\\uploads\\jakes.pdf',
    UNHEX('F0D5DFB877754F9EB87A1E8C5653482'),
    'SUBMISSION'
);

-- Insert submission with artifact_id set to 26
INSERT INTO submission (`id`, `comment`, `artifact_id`, `student_id`, `task_id`, `submission_date`)
VALUES (
    28,
    '',
    26, 
    UNHEX('F0D5DFB877754F9EB87A1E8C5653482'),
    6,
    '2024-10-23 00:52:57'
);

COMMIT;



-- person 19, junior, marketing, yes resume, yes internship,  yes done_internship_this year, yes done_internship_last_year
BEGIN;

-- Insert new Junior user for Marketing
INSERT INTO `user` (`id`, `email`, `phone_number`, `last_login`, `date_created`, `first_name`, `preferred_name`, `last_name`, `can_email`, `can_text`, `student_details_id`, `role`, `signed_up`) 
VALUES ( 
    UNHEX('F0D5DFB877754F9EB87A1E8C5653486'), 
    'junior5@gmail.com', 
    '555-555-5551', 
    '2023-01-01 00:00:00', 
    '2023-01-01 00:00:00', 
    'ava', 
    'ava', 
    'Junior',
    1, 
    1, 
    UNHEX('F0D5DFB877754F9EB87A1E8C5653487'), 
    'Student', 
    1 
);

-- Insert student details for Marketing major (Junior)
INSERT INTO `student_details` (`id`, `university_id`, `gpa`, `description`, `year_level`, `graduation_year`)
VALUES (
    UNHEX('F0D5DFB877754F9EB87A1E8C5653487'),
    '00019',
    3.5,
    '',
    'Junior',
    '2026-01-01 00:00:00'
);

-- Insert degree program for Marketing
INSERT INTO `degree_program` (`id`, `student_details_id`, `name`, `is_minor`)
VALUES (
    UNHEX('F0D5DFB877754F9EB87A1E8C5653488'),
    UNHEX('F0D5DFB877754F9EB87A1E8C5653487'), 
    'Marketing',
    0
);

-- Insert job record for Marketing major
INSERT INTO job (`id`, `student_details_id`, `name`, `location`, `description`, `start_date`, `end_date`, `is_coop`)
VALUES (
    UNHEX('F0D5DFB877754F9EB87A1E8C5653489'),
    UNHEX('F0D5DFB877754F9EB87A1E8C5653487'), 
    'MarketCorp: Marketing Intern', 
    'Hybrid',
    'Assisted in creating marketing materials and managing social media content',
    '2024-06-01', 
    '2024-08-31',
    1
);

-- Insert job record for Marketing major
INSERT INTO job (`id`, `student_details_id`, `name`, `location`, `description`, `start_date`, `end_date`, `is_coop`)
VALUES (
    UNHEX('F0D5DFB877754F9EB87A1E8C5653490'),
    UNHEX('F0D5DFB877754F9EB87A1E8C5653487'), 
    'MarketCorp: Marketing Intern', 
    'Hybrid',
    'Assisted in creating marketing materials and managing social media content',
    '2023-06-01', 
    '2023-08-31',
    1
);

-- Insert artifact first, with the specified file location and ID 27
INSERT INTO artifact (`id`, `name`, `file_location`, `user_id`, `type`)
VALUES (
    27,
    'avasresume', 
    'C:\\Users\\ABSan\\OneDrive\\Desktop\\oswego-career-dashboard\\uploads\\jakes.pdf',
    UNHEX('F0D5DFB877754F9EB87A1E8C5653486'),
    'SUBMISSION'
);

-- Insert submission with artifact_id set to 27
INSERT INTO submission (`id`, `comment`, `artifact_id`, `student_id`, `task_id`, `submission_date`)
VALUES (
    29,
    '',
    27, 
    UNHEX('F0D5DFB877754F9EB87A1E8C5653486'),
    6,
    '2024-10-23 00:52:57'
);

COMMIT;




-- person 20, junior, ops management, no resume, no internship,  no done_internship_this year, no done_internship_last_year
BEGIN;

-- Insert new Junior user for Operations Management and Information Systems
INSERT INTO `user` (`id`, `email`, `phone_number`, `last_login`, `date_created`, `first_name`, `preferred_name`, `last_name`, `can_email`, `can_text`, `student_details_id`, `role`, `signed_up`) 
VALUES ( 
    UNHEX('F0D5DFB877754F9EB87A1E8C5653490'), 
    'junior6@gmail.com', 
    '666-666-6662', 
    '2023-01-01 00:00:00', 
    '2023-01-01 00:00:00', 
    'jack', 
    'jack', 
    'Junior',
    1, 
    1, 
    UNHEX('F0D5DFB877754F9EB87A1E8C5653491'), 
    'Student', 
    1 
);

-- Insert student details for Operations Management and Information Systems major (Junior)
INSERT INTO `student_details` (`id`, `university_id`, `gpa`, `description`, `year_level`, `graduation_year`)
VALUES (
    UNHEX('F0D5DFB877754F9EB87A1E8C5653491'),
    '00020',
    3.6,
    '',
    'Junior',
    '2026-01-01 00:00:00'
);

-- Insert degree program for Operations Management and Information Systems
INSERT INTO `degree_program` (`id`, `student_details_id`, `name`, `is_minor`)
VALUES (
    UNHEX('F0D5DFB877754F9EB87A1E8C5653492'),
    UNHEX('F0D5DFB877754F9EB87A1E8C5653491'), 
    'Operations Management and Information Systems',
    0
);

COMMIT;



-- person 21, junior, Risk Management and Insurance, yes resume, yes internship,  yes done_internship_this year, no done_internship_last_year
BEGIN;

-- Insert new Junior user for Risk Management and Insurance
INSERT INTO `user` (`id`, `email`, `phone_number`, `last_login`, `date_created`, `first_name`, `preferred_name`, `last_name`, `can_email`, `can_text`, `student_details_id`, `role`, `signed_up`) 
VALUES ( 
    UNHEX('F0D5DFB877754F9EB87A1E8C5653494'), 
    'junior7@gmail.com', 
    '777-777-7773', 
    '2023-01-01 00:00:00', 
    '2023-01-01 00:00:00', 
    'mia', 
    'mia', 
    'Junior',
    1, 
    1, 
    UNHEX('F0D5DFB877754F9EB87A1E8C5653495'), 
    'Student', 
    1 
);

-- Insert student details for Risk Management and Insurance major (Junior)
INSERT INTO `student_details` (`id`, `university_id`, `gpa`, `description`, `year_level`, `graduation_year`)
VALUES (
    UNHEX('F0D5DFB877754F9EB87A1E8C5653495'),
    '00021',
    3.7,
    '',
    'Junior',
    '2026-01-01 00:00:00'
);

-- Insert degree program for Risk Management and Insurance
INSERT INTO `degree_program` (`id`, `student_details_id`, `name`, `is_minor`)
VALUES (
    UNHEX('F0D5DFB877754F9EB87A1E8C5653496'),
    UNHEX('F0D5DFB877754F9EB87A1E8C5653495'), 
    'Risk Management and Insurance',
    0
);

-- Insert job record for Risk Management and Insurance major
INSERT INTO job (`id`, `student_details_id`, `name`, `location`, `description`, `start_date`, `end_date`, `is_coop`)
VALUES (
    UNHEX('F0D5DFB877754F9EB87A1E8C5653497'),
    UNHEX('F0D5DFB877754F9EB87A1E8C5653495'), 
    'RiskCorp: Risk Analysis Intern', 
    'Remote',
    'Supported risk assessments and data analysis for insurance policies',
    '2024-06-01', 
    '2024-08-31',
    1
);

-- Insert artifact first, with the specified file location and ID 29
INSERT INTO artifact (`id`, `name`, `file_location`, `user_id`, `type`)
VALUES (
    29,
    'miasresume', 
    'C:\\Users\\ABSan\\OneDrive\\Desktop\\oswego-career-dashboard\\uploads\\jakes.pdf',
    UNHEX('F0D5DFB877754F9EB87A1E8C5653494'),
    'SUBMISSION'
);

-- Insert submission with artifact_id set to 29
INSERT INTO submission (`id`, `comment`, `artifact_id`, `student_id`, `task_id`, `submission_date`)
VALUES (
    31,
    '',
    29, 
    UNHEX('F0D5DFB877754F9EB87A1E8C5653494'),
    6,
    '2024-10-23 00:52:57'
);

COMMIT;



-- person 22, senior, accounting, no resume, no internship,  no done_internship_this year, no done_internship_last_year
BEGIN;

-- Insert new Senior user for Accounting
INSERT INTO `user` (`id`, `email`, `phone_number`, `last_login`, `date_created`, `first_name`, `preferred_name`, `last_name`, `can_email`, `can_text`, `student_details_id`, `role`, `signed_up`) 
VALUES ( 
    UNHEX('E0D5DFB877754F9EB87A1E8C5653500'), 
    'senior1@gmail.com', 
    '888-888-8881', 
    '2023-01-01 00:00:00', 
    '2023-01-01 00:00:00', 
    'emma', 
    'emma', 
    'Senior',
    1, 
    1, 
    UNHEX('E0D5DFB877754F9EB87A1E8C5653501'), 
    'Student', 
    1 
);

-- Insert student details for Accounting major (Senior)
INSERT INTO `student_details` (`id`, `university_id`, `gpa`, `description`, `year_level`, `graduation_year`)
VALUES (
    UNHEX('E0D5DFB877754F9EB87A1E8C5653501'),
    '00022',
    3.8,
    '',
    'Senior',
    '2025-01-01 00:00:00'
);

-- Insert degree program for Accounting
INSERT INTO `degree_program` (`id`, `student_details_id`, `name`, `is_minor`)
VALUES (
    UNHEX('E0D5DFB877754F9EB87A1E8C5653502'),
    UNHEX('E0D5DFB877754F9EB87A1E8C5653501'), 
    'Accounting',
    0
);

COMMIT;



-- person 23, senior, business, no resume, yes internship,  yes done_internship_this year, no done_internship_last_year
BEGIN;

-- Insert new Senior user for Business Administration
INSERT INTO `user` (`id`, `email`, `phone_number`, `last_login`, `date_created`, `first_name`, `preferred_name`, `last_name`, `can_email`, `can_text`, `student_details_id`, `role`, `signed_up`) 
VALUES ( 
    UNHEX('E0D5DFB877754F9EB87A1E8C5653510'), 
    'senior2@gmail.com', 
    '999-999-9992', 
    '2023-01-01 00:00:00', 
    '2023-01-01 00:00:00', 
    'liam', 
    'liam', 
    'Senior',
    1, 
    1, 
    UNHEX('E0D5DFB877754F9EB87A1E8C5653511'), 
    'Student', 
    1 
);

-- Insert student details for Business Administration major (Senior)
INSERT INTO `student_details` (`id`, `university_id`, `gpa`, `description`, `year_level`, `graduation_year`)
VALUES (
    UNHEX('E0D5DFB877754F9EB87A1E8C5653511'),
    '00023',
    3.9,
    '',
    'Senior',
    '2025-01-01 00:00:00'
);

-- Insert degree program for Business Administration
INSERT INTO `degree_program` (`id`, `student_details_id`, `name`, `is_minor`)
VALUES (
    UNHEX('E0D5DFB877754F9EB87A1E8C5653512'),
    UNHEX('E0D5DFB877754F9EB87A1E8C5653511'), 
    'Business Administration',
    0
);

-- Insert job record for Business Administration major
INSERT INTO job (`id`, `student_details_id`, `name`, `location`, `description`, `start_date`, `end_date`, `is_coop`)
VALUES (
    UNHEX('E0D5DFB877754F9EB87A1E8C5653513'),
    UNHEX('E0D5DFB877754F9EB87A1E8C5653511'), 
    'BizCorp: Business Analyst Intern', 
    'Remote',
    'Assisted with business process optimization and data analysis',
    '2024-06-01', 
    '2024-08-31',
    1
);

COMMIT;



-- person 24, senior, Finance, yes resume, yes internship,  yes done_internship_this year, no done_internship_last_year
BEGIN;

-- Insert new Senior user for Finance
INSERT INTO `user` (`id`, `email`, `phone_number`, `last_login`, `date_created`, `first_name`, `preferred_name`, `last_name`, `can_email`, `can_text`, `student_details_id`, `role`, `signed_up`) 
VALUES ( 
    UNHEX('D0D5DFB877754F9EB87A1E8C5653520'), 
    'senior3@gmail.com', 
    '111-111-1113', 
    '2023-01-01 00:00:00', 
    '2023-01-01 00:00:00', 
    'noah', 
    'noah', 
    'Senior',
    1, 
    1, 
    UNHEX('D0D5DFB877754F9EB87A1E8C5653521'), 
    'Student', 
    1 
);

-- Insert student details for Finance major (Senior)
INSERT INTO `student_details` (`id`, `university_id`, `gpa`, `description`, `year_level`, `graduation_year`)
VALUES (
    UNHEX('D0D5DFB877754F9EB87A1E8C5653521'),
    '00024',
    3.7,
    '',
    'Senior',
    '2025-01-01 00:00:00'
);

-- Insert degree program for Finance
INSERT INTO `degree_program` (`id`, `student_details_id`, `name`, `is_minor`)
VALUES (
    UNHEX('D0D5DFB877754F9EB87A1E8C5653522'),
    UNHEX('D0D5DFB877754F9EB87A1E8C5653521'), 
    'Finance',
    0
);

-- Insert job record for Finance major
INSERT INTO job (`id`, `student_details_id`, `name`, `location`, `description`, `start_date`, `end_date`, `is_coop`)
VALUES (
    UNHEX('D0D5DFB877754F9EB87A1E8C5653523'),
    UNHEX('D0D5DFB877754F9EB87A1E8C5653521'), 
    'InvestCorp: Financial Analyst Intern', 
    'Hybrid',
    'Analyzed financial data and assisted in investment strategies',
    '2024-06-01', 
    '2024-08-31',
    1
);

-- Insert artifact with specified file location and ID 32
INSERT INTO artifact (`id`, `name`, `file_location`, `user_id`, `type`)
VALUES (
    32,
    'noahsresume', 
    'C:\\Users\\ABSan\\OneDrive\\Desktop\\oswego-career-dashboard\\uploads\\jakes.pdf',
    UNHEX('D0D5DFB877754F9EB87A1E8C5653520'),
    'SUBMISSION'
);

-- Insert submission with artifact_id set to 32
INSERT INTO submission (`id`, `comment`, `artifact_id`, `student_id`, `task_id`, `submission_date`)
VALUES (
    34,
    '',
    32, 
    UNHEX('D0D5DFB877754F9EB87A1E8C5653520'),
    6,
    '2024-10-23 00:52:57'
);

COMMIT;



-- person 25, senior, Human Resource Management, no resume, yes internship,  yes done_internship_this year, yes done_internship_last_year
BEGIN;

-- Insert new Senior user for Human Resource Management
INSERT INTO `user` (`id`, `email`, `phone_number`, `last_login`, `date_created`, `first_name`, `preferred_name`, `last_name`, `can_email`, `can_text`, `student_details_id`, `role`, `signed_up`) 
VALUES ( 
    UNHEX('C0D5DFB877754F9EB87A1E8C5653530'), 
    'senior4@gmail.com', 
    '222-222-2224', 
    '2023-01-01 00:00:00', 
    '2023-01-01 00:00:00', 
    'ava', 
    'ava', 
    'Senior',
    1, 
    1, 
    UNHEX('C0D5DFB877754F9EB87A1E8C5653531'), 
    'Student', 
    1 
);

-- Insert student details for Human Resource Management major (Senior)
INSERT INTO `student_details` (`id`, `university_id`, `gpa`, `description`, `year_level`, `graduation_year`)
VALUES (
    UNHEX('C0D5DFB877754F9EB87A1E8C5653531'),
    '00025',
    3.6,
    '',
    'Senior',
    '2025-01-01 00:00:00'
);

-- Insert degree program for Human Resource Management
INSERT INTO `degree_program` (`id`, `student_details_id`, `name`, `is_minor`)
VALUES (
    UNHEX('C0D5DFB877754F9EB87A1E8C5653532'),
    UNHEX('C0D5DFB877754F9EB87A1E8C5653531'), 
    'Human Resource Management',
    0
);

-- Insert job record for Human Resource Management major
INSERT INTO job (`id`, `student_details_id`, `name`, `location`, `description`, `start_date`, `end_date`, `is_coop`)
VALUES (
    UNHEX('C0D5DFB877754F9EB87A1E8C5653533'),
    UNHEX('C0D5DFB877754F9EB87A1E8C5653531'), 
    'HR Solutions: HR Intern', 
    'Remote',
    'Assisted in recruitment and HR policy management',
    '2024-06-01', 
    '2024-08-31',
    1
);

-- Insert job record for Human Resource Management major
INSERT INTO job (`id`, `student_details_id`, `name`, `location`, `description`, `start_date`, `end_date`, `is_coop`)
VALUES (
    UNHEX('C0D5DFB877754F9EB87A1E8C5653533'),
    UNHEX('C0D5DFB877754F9EB87A1E8C5653531'), 
    'Boston Solutions: HR Intern', 
    'Remote',
    'Assisted in recruitment and HR policy management',
    '2024-01-01', 
    '2024-04-29',
    1
);

COMMIT;



-- person 26, senior, marketing, no resume, no internship,  no done_internship_this year, no done_internship_last_year
BEGIN;

-- Insert new Senior user for Marketing
INSERT INTO `user` (`id`, `email`, `phone_number`, `last_login`, `date_created`, `first_name`, `preferred_name`, `last_name`, `can_email`, `can_text`, `student_details_id`, `role`, `signed_up`) 
VALUES ( 
    UNHEX('B0D5DFB877754F9EB87A1E8C5653540'), 
    'senior5@gmail.com', 
    '333-333-3335', 
    '2023-01-01 00:00:00', 
    '2023-01-01 00:00:00', 
    'mia', 
    'mia', 
    'Senior',
    1, 
    1, 
    UNHEX('B0D5DFB877754F9EB87A1E8C5653541'), 
    'Student', 
    1 
);

-- Insert student details for Marketing major (Senior)
INSERT INTO `student_details` (`id`, `university_id`, `gpa`, `description`, `year_level`, `graduation_year`)
VALUES (
    UNHEX('B0D5DFB877754F9EB87A1E8C5653541'),
    '00026',
    3.7,
    '',
    'Senior',
    '2025-01-01 00:00:00'
);

-- Insert degree program for Marketing
INSERT INTO `degree_program` (`id`, `student_details_id`, `name`, `is_minor`)
VALUES (
    UNHEX('B0D5DFB877754F9EB87A1E8C5653542'),
    UNHEX('B0D5DFB877754F9EB87A1E8C5653541'), 
    'Marketing',
    0
);

COMMIT;



-- person 27, senior,ops Management, yes resume, yes internship,  yes done_internship_this year, no done_internship_last_year
BEGIN;

-- Insert new Senior user for Operations Management and Information Systems
INSERT INTO `user` (`id`, `email`, `phone_number`, `last_login`, `date_created`, `first_name`, `preferred_name`, `last_name`, `can_email`, `can_text`, `student_details_id`, `role`, `signed_up`) 
VALUES ( 
    UNHEX('A0D5DFB877754F9EB87A1E8C5653550'), 
    'senior6@gmail.com', 
    '444-444-4446', 
    '2023-01-01 00:00:00', 
    '2023-01-01 00:00:00', 
    'oliver', 
    'oliver', 
    'Senior',
    1, 
    1, 
    UNHEX('A0D5DFB877754F9EB87A1E8C5653551'), 
    'Student', 
    1 
);

-- Insert student details for Operations Management and Information Systems major (Senior)
INSERT INTO `student_details` (`id`, `university_id`, `gpa`, `description`, `year_level`, `graduation_year`)
VALUES (
    UNHEX('A0D5DFB877754F9EB87A1E8C5653551'),
    '00027',
    3.8,
    '',
    'Senior',
    '2025-01-01 00:00:00'
);

-- Insert degree program for Operations Management and Information Systems
INSERT INTO `degree_program` (`id`, `student_details_id`, `name`, `is_minor`)
VALUES (
    UNHEX('A0D5DFB877754F9EB87A1E8C5653552'),
    UNHEX('A0D5DFB877754F9EB87A1E8C5653551'), 
    'Operations Management and Information Systems',
    0
);

-- Insert job record for Operations Management and Information Systems major
INSERT INTO job (`id`, `student_details_id`, `name`, `location`, `description`, `start_date`, `end_date`, `is_coop`)
VALUES (
    UNHEX('A0D5DFB877754F9EB87A1E8C5653553'),
    UNHEX('A0D5DFB877754F9EB87A1E8C5653551'), 
    'EnglandCorp: Operations Analyst Intern', 
    'On-site',
    'Optimized supply chain processes and managed information systems',
    '2024-06-01', 
    '2024-08-31',
    1
);

-- Insert job record for Operations Management and Information Systems major
INSERT INTO job (`id`, `student_details_id`, `name`, `location`, `description`, `start_date`, `end_date`, `is_coop`)
VALUES (
    UNHEX('A0D5DFB877754F9EB87A1E8C5653554'),
    UNHEX('A0D5DFB877754F9EB87A1E8C5653551'), 
    'TechCorp: Operations Analyst Intern', 
    'On-site',
    'Optimized supply chain processes and managed information systems',
    '2024-06-01', 
    '2024-08-31',
    1
);

-- Insert artifact with specified file location and ID 35
INSERT INTO artifact (`id`, `name`, `file_location`, `user_id`, `type`)
VALUES (
    35,
    'oliversresume', 
    'C:\\Users\\ABSan\\OneDrive\\Desktop\\oswego-career-dashboard\\uploads\\jakes.pdf',
    UNHEX('A0D5DFB877754F9EB87A1E8C5653550'),
    'SUBMISSION'
);

-- Insert submission with artifact_id set to 35
INSERT INTO submission (`id`, `comment`, `artifact_id`, `student_id`, `task_id`, `submission_date`)
VALUES (
    37,
    '',
    35, 
    UNHEX('A0D5DFB877754F9EB87A1E8C5653550'),
    6,
    '2024-10-23 00:52:57'
);

COMMIT;


-- person 28, senior, Risk Management and Insurance, yes resume, yes internship,  yes done_internship_this year, no done_internship_last_year
BEGIN;

-- Insert new Senior user for Risk Management and Insurance
INSERT INTO `user` (`id`, `email`, `phone_number`, `last_login`, `date_created`, `first_name`, `preferred_name`, `last_name`, `can_email`, `can_text`, `student_details_id`, `role`, `signed_up`) 
VALUES ( 
    UNHEX('C0D5DFB877754F9EB87A1E8C5653560'), 
    'senior7@gmail.com', 
    '555-555-5557', 
    '2023-01-01 00:00:00', 
    '2023-01-01 00:00:00', 
    'lisa', 
    'lisa', 
    'Senior',
    1, 
    1, 
    UNHEX('C0D5DFB877754F9EB87A1E8C5653561'), 
    'Student', 
    1 
);

-- Insert student details for Risk Management and Insurance major (Senior)
INSERT INTO `student_details` (`id`, `university_id`, `gpa`, `description`, `year_level`, `graduation_year`)
VALUES (
    UNHEX('C0D5DFB877754F9EB87A1E8C5653561'),
    '00028',
    3.9,
    '',
    'Senior',
    '2025-01-01 00:00:00'
);

-- Insert degree program for Risk Management and Insurance
INSERT INTO `degree_program` (`id`, `student_details_id`, `name`, `is_minor`)
VALUES (
    UNHEX('C0D5DFB877754F9EB87A1E8C5653562'),
    UNHEX('C0D5DFB877754F9EB87A1E8C5653561'), 
    'Risk Management and Insurance',
    0
);

-- Insert job record for Risk Management and Insurance major
INSERT INTO job (`id`, `student_details_id`, `name`, `location`, `description`, `start_date`, `end_date`, `is_coop`)
VALUES (
    UNHEX('C0D5DFB877754F9EB87A1E8C5653563'),
    UNHEX('C0D5DFB877754F9EB87A1E8C5653561'), 
    'InsureCorp: Risk Analyst Intern', 
    'On-site',
    'Analyzed risk factors and developed risk management strategies',
    '2024-06-01', 
    '2024-08-31',
    1
);

-- Insert artifact with specified file location and ID 36
INSERT INTO artifact (`id`, `name`, `file_location`, `user_id`, `type`)
VALUES (
    36,
    'lisasresume', 
    'C:\\Users\\ABSan\\OneDrive\\Desktop\\oswego-career-dashboard\\uploads\\jakes.pdf',
    UNHEX('C0D5DFB877754F9EB87A1E8C5653560'),
    'SUBMISSION'
);

-- Insert submission with artifact_id set to 36
INSERT INTO submission (`id`, `comment`, `artifact_id`, `student_id`, `task_id`, `submission_date`)
VALUES (
    38,
    '',
    36, 
    UNHEX('C0D5DFB877754F9EB87A1E8C5653560'),
    6,
    '2024-10-23 00:52:57'
);

COMMIT;
